{"1M|contractionary|bullish|neutral": {"v": -0.5562946875, "n": 5}, "1M|contractionary|bearish|neutral": {"v": -0.9256527818107247, "n": 21}, "1M|contractionary|bearish|negative": {"v": -0.98764376605133, "n": 36}, "1M|contractionary|bearish|positive": {"v": -0.9999642404273545, "n": 63}, "1M|contractionary|bullish|positive": {"v": -0.9612404689154856, "n": 20}, "1M|neutral|bearish|negative": {"v": -0.8326567563103858, "n": 11}, "1M|neutral|bullish|neutral": {"v": -0.5562946875, "n": 5}, "1M|neutral|bearish|neutral": {"v": -0.15, "n": 1}, "1M|neutral|bearish|positive": {"v": -0.67942291171875, "n": 7}}